Hue (H),Saturation (S),Value (V),True Soil Score,Linear Predicted Score,Random Forest Predicted Score
11,129,93,85,74.14051078,85.86
16,171,33,7,39.89222163,8.3
6,34,54,33,20.11436997,31.51
8,1,40,7,0.95082377,10.56
8,27,70,7,30.29226785,8.63
13,26,56,7,19.42737781,7.23
16,150,87,83,75.02851767,83.66
10,53,59,45,28.7687113,46.02
20,46,96,26,54.61988793,26.2
15,148,66,76,58.72855479,73.94
20,107,74,73,53.97956668,71.36
20,133,20,9,20.14698033,7.88
6,87,37,33,21.14847218,33.73
15,15,73,9,29.31437974,9.38
8,43,58,29,25.43927735,28.07
26,148,90,94,76.6129631,91.84
24,167,66,71,63.54739413,72.49
7,27,84,12,40.83630153,9.67
18,38,89,27,47.29950712,28.4
10,53,70,41,37.041501,42.91
27,40,81,27,41.6691592,28.69
16,4,50,16,9.133538634,13.93
21,152,84,86,73.21864314,85.52
5,73,93,49,59.62913396,49.26
22,82,30,7,14.33980224,9.49
21,72,69,47,41.07821133,47.21
12,157,44,33,44.57473865,33.43
19,51,92,46,52.93033906,48.41
25,101,81,66,57.60447456,66.3
26,35,54,34,20.07453977,31.41
16,139,43,37,39.06919757,36.47
12,25,33,14,1.884013289,13.19
28,89,26,8,13.066537,7.99
7,36,86,39,44.68712255,37.5
20,122,55,57,43.6013317,55.61
22,145,79,69,67.61806202,69.63
8,8,76,3,29.8506018,4.92
29,89,25,19,12.2994366,15.82
22,156,50,53,48.67614139,50.82
25,143,77,73,65.54734874,70.5
27,23,84,12,39.49276165,13.4
19,44,79,29,41.32821222,29.16
27,137,54,56,46.65518871,52.31
25,176,27,5,36.54824311,6.11
11,103,55,57,38.78249237,56.77
6,14,23,18,-8.414694283,16.18
22,35,47,37,14.87015166,33.12
8,40,43,30,13.37597468,28.88
18,58,46,31,20.17525884,29.48
21,62,29,13,8.387920324,12.24
26,164,41,37,43.93331633,34.86
5,108,92,69,68.00302996,68.38
8,87,25,8,12.09355347,9.5
7,88,55,50,34.93147774,51.21
17,99,76,67,53.44286059,67.44
28,71,95,44,60.26613571,45.53
20,106,20,12,13.10694803,13.08
24,60,76,47,43.1687248,49.23
26,39,94,38,51.20037915,34.46
8,178,88,86,83.20159255,86.4
27,176,33,13,41.03061664,10.89
12,2,31,18,-5.617194839,14.85
7,111,96,84,71.76348572,84.2
26,51,31,16,6.948759566,14.64
28,1,85,4,34.49348222,6.24
13,72,68,42,40.44636839,43.03
25,158,97,94,84.49991361,95.41
24,153,36,22,37.33485329,25.35
7,23,87,19,42.04954916,15.44
29,75,21,6,5.640762319,10.53
18,141,59,41,51.59377288,44.74
24,154,25,7,29.32280553,7.72
27,172,91,98,83.60781277,97.28
23,34,38,28,7.825734998,26.4
29,75,34,4,15.4176956,6.85
6,116,43,30,33.22241909,30.61
26,48,97,22,55.80327196,24.32
19,127,70,73,56.20114686,72.28
11,1,36,13,-2.102549214,11.32
5,115,93,84,70.5802953,84.12
29,2,93,6,40.75576988,7.95
19,106,98,68,71.78357633,66.71
9,68,23,4,5.620284484,5.02
8,37,33,14,5.073030959,12.97
8,147,62,41,55.56472594,44.46
7,157,44,38,44.64988168,35.3
14,74,22,12,6.357521279,10.86
13,3,67,19,21.70310296,14.07
11,20,61,4,21.65334236,7.37
14,131,51,50,43.02989361,51.79
11,75,37,36,17.9444259,35.1
5,26,79,11,36.84525786,11.25
27,58,20,5,0.486134817,5.4
22,155,91,91,79.25034288,92.8
6,87,36,39,20.39640039,36.62
23,96,46,22,30.00830941,23.38
19,40,64,26,29.00416761,26.11
19,96,84,63,58.64715189,67.61
10,173,21,6,31.47901566,9.11
26,170,27,14,34.96876288,10.73
16,148,95,92,80.52360812,93.45
5,155,25,5,29.869091,6.96
8,162,99,100,87.30251126,99.38
26,149,84,84,72.36127429,84.87
7,146,48,39,44.79000754,33.45
7,35,34,11,5.318647483,11.16
8,70,64,54,36.99174039,50
14,147,56,57,50.96212356,53.96
8,148,44,35,42.28817564,34.06
6,78,41,22,21.81008191,25.33
10,150,99,97,84.1435508,97.35
12,99,82,64,58.03043437,66.78
8,17,74,3,30.69313565,6.04
17,75,69,45,41.92055157,45.93
27,14,86,10,38.6502278,10.68
5,22,52,12,15.49635176,11.45
24,133,41,28,35.88037351,28.92
21,151,50,47,47.38746031,49.25
25,168,85,87,78.08247149,87.04
25,13,42,2,5.328384275,5.95
27,115,32,15,24.37328671,14.53
20,138,65,71,55.2939206,70.63
9,13,60,10,19.10613422,10.6
10,154,71,67,64.12850841,67.71
25,77,63,45,37.80937584,45.85
13,7,40,14,2.440132356,13.55
7,156,38,23,39.876709,26.52
9,76,97,59,63.35953251,56.69
27,14,32,18,-1.961648912,14.52
16,158,27,2,31.99014571,3.86
18,173,99,92,90.02038649,94.41
6,158,38,37,40.41322148,34.25
14,141,43,36,39.62073865,35.43
18,85,97,61,65.57095247,64.28
22,55,51,58,23.09327756,54.69
9,24,79,5,36.26365956,6.76
24,30,32,12,2.255307898,11.97
21,169,90,92,82.16368681,91.34
20,107,23,15,15.62390534,14.32
24,65,60,46,32.43928583,47.32
25,163,88,85,79.03497718,85.42
19,159,38,23,40.47859153,25.4
19,39,39,25,9.941630901,25.14
9,47,66,22,32.48379082,24.51
26,14,21,3,-10.21941,5.93
29,38,39,22,9.530602894,25.14
25,133,78,64,63.69200116,66.48
14,150,30,14,32.1904828,13.45
15,138,51,52,44.84005856,52.58
29,51,32,14,7.655745536,14.3
7,49,99,30,57.85370101,28.96
21,17,55,16,16.20839973,14.01
9,66,50,46,25.40473896,45.8
6,176,49,30,53.37936604,30.42
17,3,95,2,42.70099868,5.37
12,130,34,9,30.01398844,10.26
19,79,97,49,63.99147225,50.72
18,104,57,47,40.44217764,48.44
14,152,57,45,53.01790503,49.24
20,13,56,3,15.93253238,6.05
24,145,56,42,50.29035361,44.79
8,171,79,74,74.60775287,72.91
25,5,63,4,19.03595639,4.84
19,166,76,75,70.88251314,73.98
22,77,56,43,32.58995912,46.98
13,41,36,30,8.297071044,30.65
23,150,83,84,71.91503026,84.8
25,84,99,63,66.70915387,64.43
21,15,28,7,-4.619022496,7.83
16,129,88,89,70.30500879,87.04
15,52,92,54,53.25119543,51.8
5,13,51,11,12.39760253,10.41
6,133,40,39,35.39881664,35.38
25,81,79,65,50.88549224,65.64
12,113,43,36,32.35002164,33.89
16,6,25,6,-9.146772265,8
20,160,49,22,48.99709456,22.97
23,130,76,74,61.43568899,71.89
24,86,94,70,63.4853074,69.48
9,132,86,87,69.68829127,85.91
9,166,44,38,46.9665019,34.96
23,165,76,76,70.56165677,74.98
9,94,23,18,12.39957484,13.87
6,113,99,85,74.55621357,84.68
11,73,64,41,37.72888038,45.11
20,178,29,12,38.6490136,9.34
25,67,94,41,58.51618199,44.14
14,52,57,57,26.94371135,54.06
24,20,88,14,41.76390882,13.28
11,76,73,50,45.27975231,49.03
27,150,33,8,34.25132628,9.64
19,98,43,27,28.33369234,27.4
11,88,67,61,43.89622481,64.3
5,78,79,54,50.40383857,54.12
7,40,21,11,-3.154576114,11.93
25,159,93,96,81.75236838,96.9
8,84,26,16,12.06339945,13.43
5,88,51,55,31.95324779,53.98
26,51,53,48,23.49433897,49.92
29,59,41,25,16.51032715,27.12
7,33,22,17,-4.227697881,14.96
23,50,50,54,21.02246748,52.21
24,47,93,29,52.56430007,27.85
21,136,52,58,44.98047484,56.1
13,176,92,97,85.6132528,96.13
26,167,58,48,57.50076259,48.62
5,113,30,5,22.6782886,9.554785714
18,26,50,3,14.83980403,5.66
16,54,38,29,13.14577398,30.72
6,173,22,14,32.29120188,11.45
6,146,34,7,34.27603108,8.91
19,100,79,79,55.92976068,74.5
17,99,39,25,25.61620432,26.33
17,20,60,18,20.81109892,14.41
7,18,53,18,15.17539858,14.95
8,70,45,26,22.70237636,27.15
14,167,77,73,71.9704699,73.03
14,16,42,6,6.275924762,8.46
8,69,83,50,51.02036248,50.55
20,135,46,30,40.22233076,28.59
24,123,66,72,52.07474891,70.89
15,76,86,42,54.99657116,44.96
23,115,32,19,24.43340113,15.93
6,13,58,2,17.64707646,3.43
22,117,95,83,72.35043644,84.45
19,27,56,10,19.5979481,8.36
28,146,34,13,33.94540172,12.71
15,179,45,25,51.01804723,28.62
9,20,41,3,6.641963754,7.09
7,121,23,11,19.46966435,10.56
11,44,81,33,42.95258466,32.92
26,148,84,86,72.10053235,85.91
20,14,66,4,23.71399223,6.94
23,106,89,63,64.95481578,65.08
9,140,38,34,35.6747808,32.71
14,124,69,61,54.74199229,63.97
10,101,90,65,64.59854978,65.91
10,49,25,7,2.155302659,7.17
11,161,32,3,36.60787351,4.29
24,139,54,41,47.22175841,44.29
27,37,25,8,-1.229086902,8.56
22,60,25,13,4.84312068,11.53
14,93,92,64,63.95664344,67.43
5,65,50,41,25.20411146,43.54
19,20,88,11,41.83905186,12.42
21,174,26,2,35.33480187,2.73
17,171,24,8,33.10854691,7.23
10,152,30,7,32.7720811,7.69
14,25,28,10,-1.906402879,9.38
12,55,94,42,55.58265064,44.95
26,119,91,87,69.80351872,86.59
15,124,21,1,18.62751772,4.75
18,49,49,25,20.08479678,26.81
6,116,58,55,44.50349595,54.83
17,78,73,51,45.71106454,50
6,171,20,12,30.26557442,11.46
22,36,67,28,30.17232941,29.92
7,159,71,72,65.47730391,69.91
25,124,99,89,77.13883134,88.04
24,66,31,13,10.88994583,12.85
6,71,57,57,32.01803701,54.7
24,73,20,10,4.44234969,8.37
26,153,38,31,38.80893966,29.9
11,55,52,44,24.01066403,48.11
27,52,27,2,4.186185732,4.26
25,113,51,46,38.17122407,48.28
16,143,94,98,78.46782665,96.65
26,110,22,16,15.56388772,13.24
7,26,63,5,24.78205199,6.88
7,38,92,34,49.72103717,33.93
15,37,38,39,8.728189664,35.43
24,152,31,10,33.3137524,9.3
24,70,86,51,53.29686208,51.34
23,19,57,1,18.20396997,3.31
19,86,86,73,57.5438761,71
28,109,29,12,20.5375911,12.07
18,132,74,76,60.52817231,73.32
15,45,58,22,25.85556098,22.96
8,122,71,69,55.81482364,68.03
11,27,94,1,48.29690502,4.12
17,81,92,62,60.78265438,63.5
14,102,78,72,55.7743158,70.06
26,87,79,65,52.43491525,66.41
25,98,36,23,22.97901816,27.21
13,123,53,45,42.46313031,48.76
28,36,45,29,13.53657837,30.92
7,138,77,61,64.51415398,63.28
8,161,99,100,87.04176932,99.46
11,138,87,87,71.97475746,86.69
25,65,41,30,18.1348932,29.35
11,173,75,79,72.07586376,76.93
19,134,56,52,47.49733534,53.51
27,6,20,7,-13.0724459,6.84
7,177,60,53,61.89786907,50.32
19,81,22,18,8.107571801,14.83
9,159,40,34,42.13302118,34.78
16,47,95,27,54.18867251,27.76
8,49,73,27,38.28480584,27.27
28,24,42,19,8.151459758,15.91
19,125,79,73,62.4483091,70.81
6,167,51,59,52.53683219,56.03
17,154,23,12,27.92386219,11.01
27,108,67,66,48.87060583,67.3
22,38,40,22,10.38787493,24.03
29,63,98,55,60.42138698,53.59
13,27,81,5,38.48991452,6.84
26,57,28,14,6.256995814,11.94
10,76,59,46,34.76577584,47.03
28,29,38,8,6.446882279,10.89
29,31,75,32,34.77999381,31.48
5,86,77,65,50.98563048,66.55
17,4,82,18,33.18480734,15.3
11,136,88,87,72.20534538,85.6
22,163,93,96,82.84042195,95.97
9,172,31,3,38.75402024,4.18
26,16,84,18,37.6825967,16.2
27,5,81,15,32.54319141,13.42
28,175,35,22,42.25898968,26.61
8,152,91,94,78.67851756,93.78
10,10,99,5,47.63967965,5.56
9,62,51,44,25.11384301,46.48
23,61,44,32,19.37819804,32.04
28,170,21,7,30.42627492,8.09
13,24,84,11,39.96390408,10.44
5,170,70,74,67.62345064,73.94
22,30,39,21,7.549867649,16.53
9,13,61,12,19.85820601,11.13
20,176,26,2,35.87131435,3.79
21,71,41,34,19.75945925,31.75
26,106,22,7,14.52091997,9.05
26,54,92,43,53.60736462,44.88
27,85,67,71,42.87354128,70.61
26,3,45,13,4.962151672,12.74
15,37,96,32,52.34835354,31.62
18,158,73,62,66.55539088,67.41
28,126,35,24,29.48263478,25.86
22,99,71,62,49.6073586,64.73
18,123,65,63,51.41284876,66.42
9,79,75,59,47.59617892,55.45
29,79,72,45,45.0393914,47.56
29,101,34,11,22.19698596,10.3
16,89,57,52,36.5611058,51.03
9,169,60,45,59.78187636,45.91
26,162,43,23,44.91597604,27.14
7,25,52,11,16.24852035,11.01
25,88,70,76,45.94203968,73.78
13,143,61,50,53.69454337,48.3
26,19,23,17,-7.411556739,12.98
20,85,33,17,17.40830064,14.8
18,24,49,7,13.56624836,7.11
10,117,72,70,55.23312853,70.78
8,176,85,83,80.4238933,84.17
19,43,31,11,4.968024321,11.33
29,172,50,44,52.74281213,46.43
19,99,87,75,61.68559307,71.95
29,74,48,30,25.68595874,29.35
15,74,98,51,63.49994878,51.81
15,133,69,76,57.07364112,73.15
21,125,61,41,48.88095965,43.29
12,68,67,43,38.66635746,43.58
27,144,72,74,62.01767451,72.86
25,52,61,52,29.78668384,50.06
22,108,71,65,51.95403603,66.22
26,69,46,22,22.92319129,24.13
22,124,81,88,63.64662493,87.55
7,135,32,6,29.88869758,6.12
7,72,97,57,62.34662197,55.41
28,59,37,29,13.51706859,30.07
10,79,74,45,46.82907852,48.11
12,30,70,28,31.01437924,28.65
7,65,45,34,21.41369529,31.8
23,167,72,79,68.07485348,77.31
16,113,76,62,57.10827631,66.66
15,93,30,19,17.3131638,15.71
24,1,75,6,27.03287874,7.43
6,165,42,24,45.2467022,27.88
5,8,49,6,9.589749267,6.73
19,171,80,86,75.19450999,82.92
9,72,77,50,47.27512894,52.08
19,42,24,17,-0.557220152,13.9
17,22,48,4,12.30772131,5.39
22,63,99,52,61.27865902,51.78
28,125,36,23,29.97396463,24.82
21,67,58,55,31.50171194,53.49
12,158,86,85,76.4224958,84.35
15,96,74,64,51.18654841,66.85
10,145,94,97,79.07948216,96.94
15,134,67,68,55.83023947,69.67
7,95,72,70,49.54189175,69.91
20,168,98,99,87.9345478,97.22
21,42,99,25,55.81810695,25.62
6,103,93,68,67.43636346,67.52
26,37,29,17,1.794228869,15.06
5,168,34,10,40.02738229,10.78
11,68,40,24,18.37544772,27.94
29,84,63,57,39.57445497,55.25
20,136,44,36,38.97892912,32.86
8,126,88,82,69.64301183,83.63
28,98,79,70,55.27301935,69.46
19,34,88,22,45.48943897,24.66
28,132,79,74,64.1382452,71.37
8,132,51,59,43.38080719,55.74
19,136,77,69,63.81232683,67.29
14,132,98,91,78.63800972,91.92
11,159,40,38,42.10296396,36.11
7,67,23,6,5.389599761,7.14
15,59,22,14,2.43136362,11.43
16,1,76,17,27.90517939,13.77
17,127,90,81,71.27263989,82.34
22,95,99,67,69.622401,68.39
23,150,85,86,73.41917384,85.5
17,141,25,2,26.0383606,3.43
7,161,77,64,70.51121853,66.65
28,89,21,7,9.306178042,7.03
6,108,46,35,33.39269897,33.16
26,5,65,5,20.52507136,5.04
29,96,43,26,27.66192239,26.15
14,45,56,22,24.366446,22.99
20,14,62,15,20.70570506,11.9
29,92,35,39,20.60238032,36.91
19,72,97,58,62.16627869,54.87
24,121,38,32,30.49525489,29.81
17,145,36,33,35.35411804,31.69
21,115,36,36,27.47174551,31.91
18,48,26,6,2.526403657,6.89
5,120,45,27,35.78455903,27.62
22,56,61,44,30.87473741,46
14,59,71,46,39.29790998,45.99
22,5,26,13,-8.745614053,11.45
22,65,97,47,60.29599931,50.2
20,168,63,43,61.61203512,44.1
17,47,87,27,48.15706957,27.38
24,5,41,10,2.505405596,10.34
10,149,57,57,52.29579365,55.73
12,101,75,70,53.2874157,69.83
6,36,68,23,31.16485892,27.69
25,71,93,42,58.80707795,42.91
17,165,28,2,34.55238245,2.94
23,63,26,8,6.362389674,7.07
17,141,65,77,56.12123223,74.01
11,114,29,6,22.09678711,6.9145
23,32,22,2,-4.72889753,4.44
21,77,46,25,25.08426982,26.05
6,157,42,35,43.16076671,33.3
13,103,57,57,40.25657873,55.28
22,135,81,87,66.51478623,86.58
24,69,96,52,60.55683805,51.1
15,102,43,28,29.43677451,29.06
7,16,29,12,-3.39580827,11.09
18,12,41,16,4.420770796,14.59
21,127,96,89,75.72495621,87.49
14,162,21,16,28.55073993,14.09
12,47,93,32,52.74464335,31.19
13,19,40,10,5.569035598,9.66
11,133,41,34,36.0757454,34.13
19,138,57,56,49.29237488,54.55
16,122,35,39,28.62001031,34.86
10,160,78,76,70.95746256,72.96
23,141,47,21,42.49376835,24.39
17,169,30,4,37.09949378,5.05
23,107,44,28,31.37232713,27.36
22,44,34,9,7.439895809,9.22
25,157,48,23,47.38765392,23.54
5,123,98,86,76.42658975,85.64
15,168,60,49,59.43096279,47.27
21,42,86,35,46.04117367,32.1
24,120,41,28,32.49072833,28.33
20,166,85,87,77.63613065,86.09
14,146,74,61,64.23867386,63.36
8,127,40,39,33.80430781,35.95
14,12,97,17,46.59690551,12.74
12,22,36,5,3.358002852,5.48
5,2,66,9,20.81051809,8.82
24,25,43,12,9.224387914,10.99
9,40,44,22,14.11301786,25.03
13,139,76,76,63.93265249,71.64
27,5,52,11,10.73310948,11.09
7,80,69,65,43.37454732,64.31
13,15,57,4,17.3112883,4.87
22,23,65,8,25.27854065,7.86
20,93,71,67,48.07296419,68.14
27,26,47,2,12.44833119,5.5
26,18,74,15,30.68336266,12.59
27,93,27,6,14.87660514,5.59
20,80,80,75,51.45196513,68.32
13,56,32,12,9.199912932,12
13,110,79,66,58.62735169,68.07
5,104,39,25,27.10025729,26.04
16,46,32,3,6.547407743,6.57
5,0,34,13,-3.777263091,11.67
29,45,25,19,0.826791379,17.53
17,128,63,53,51.22744347,50.75
13,133,84,81,68.38477519,82.8
6,116,21,9,16.67683969,9.36
7,91,69,68,46.24270863,68.21
18,36,27,2,0.149572207,4.5
11,40,96,28,53.19069378,29.6
7,124,71,63,56.35133612,64.48
16,162,82,86,74.39706196,85.75
5,90,50,49,31.72265988,49.05
14,30,71,29,31.73639381,28.77
15,53,37,38,12.14798886,35.43
15,13,32,18,-2.042047564,15.03
23,88,23,5,10.62472272,5.82
7,100,94,65,67.39118083,66.5
28,74,99,53,64.05664868,51.95
9,5,74,10,27.5492038,8.51
12,147,35,37,35.19867316,34.71
21,1,94,10,41.36732859,10.12
15,99,96,75,68.51435362,71.78
18,178,40,30,46.95186051,30.75
29,173,37,23,43.22662078,24.98
20,16,74,6,30.25205043,8.88
22,76,63,43,37.59371972,44.3
15,128,35,30,30.19949054,31.84
10,135,30,1,28.33946818,2.895
11,83,46,37,26.79900751,35.08
27,126,26,1,22.72901726,3.41
12,134,88,81,71.6688329,82.65
15,166,87,81,79.21541727,82.42
12,94,93,79,64.99951438,73.35
19,128,25,1,22.6186582,2.32
22,129,65,72,52.91718596,71.36
20,50,44,35,16.55512255,33.53
25,102,87,62,62.37764724,64.03
13,110,70,72,51.85870557,70.88
22,48,38,23,11.49115072,25.15
12,165,98,96,87.27255085,96.09
28,164,34,15,38.63875658,13.47
24,42,37,27,9.144570094,26.38
17,139,26,5,26.26894851,4.62
23,13,25,2,-7.426778957,3.27
11,33,29,5,0.976690227,6.1
10,14,68,17,25.36842188,14.86
27,60,94,52,56.66093122,49.93
15,104,54,43,38.23104808,46.18
19,27,34,7,3.052368705,8.4
29,13,83,13,36.10321327,12.97
25,116,39,22,29.92858839,24.51
21,139,55,51,48.01891602,51.96
11,100,38,35,25.21504611,32.99
19,20,62,11,22.28518529,10.51
7,57,57,46,28.35262128,47.56
25,6,67,13,22.30498549,11.1
25,61,22,4,2.802561423,5.33
8,8,72,4,26.84231464,5.07
12,99,33,18,21.17891661,14.58
28,11,50,17,10.77838891,14.98
28,113,35,30,26.0929896,28.93
27,122,81,87,63.04999802,87.51
17,32,94,32,49.51044306,30.92
25,20,83,19,37.98852126,17.13
12,46,52,26,21.64895799,25.11
13,143,85,87,71.74426635,85.87
14,14,93,18,44.11010222,15.63
11,46,57,28,25.42434555,26.74
26,18,53,15,14.88985505,14.48
10,98,34,19,21.70030368,14.855
14,94,59,51,39.39901628,50.85
28,68,80,51,48.20283303,50.16
23,95,90,77,62.83872627,73.59
11,146,64,54,56.76304177,50.91
15,105,41,23,28.71485674,25.67
27,32,28,1,-0.276581213,6.2
8,167,56,55,56.26713393,55.44
25,163,38,39,41.43138763,34.05
6,14,59,2,18.65989019,3.57
6,64,86,44,52.00292538,47.38
29,91,36,38,21.09371017,35.52
5,129,76,64,61.44546197,66.34
9,60,60,42,31.36100525,44.08
20,52,94,56,54.68019597,54.03
13,118,89,87,68.2340051,85.63
23,93,34,1,20.20122211,4.05
14,79,24,2,9.165374544,4.46
10,46,70,29,35.21630744,28.69
16,167,81,88,74.94869985,86.95
20,49,27,7,3.509160171,8.3
29,73,20,19,4.367206655,15.61
18,59,38,22,14.41942645,24.86
23,92,78,67,53.03163897,67.13
24,138,34,17,31.91958065,13.75
19,78,30,18,13.34192032,15.92
13,78,77,55,48.77946613,52.95
7,95,44,22,28.4838816,26.07
24,11,85,2,37.16101602,6.93
16,6,75,14,28.45681728,12.76
20,79,89,52,57.95986931,50.44
16,173,47,34,50.94271058,33.79
27,98,23,1,13.17202766,3.53
23,156,65,76,59.94218964,75.27
18,58,57,46,28.44804854,48.17
27,149,42,35,40.75923047,32.86
23,2,87,12,36.33351077,10.55
23,30,67,31,28.59284919,29.93
18,82,31,16,15.15198846,14.43
12,30,50,21,15.97294342,23.8
5,105,74,67,53.68351191,68.18
7,29,36,1,5.258339444,5.04
23,152,97,94,82.9655192,94.5
14,50,73,47,38.45537613,46.31
7,37,80,33,40.43543374,33.98
18,6,77,4,29.93090365,7.41
7,115,57,48,43.47565362,50.33
15,37,72,30,34.29863056,29.91
16,24,82,13,38.41467468,12.77
13,158,32,5,35.79559049,6.64
12,169,57,56,57.48057517,55.61
18,49,69,26,35.1262326,27.26
6,170,34,17,40.53383756,13.91
10,9,63,16,20.30435324,12.8
5,46,40,34,12.72929675,31.47
19,79,96,46,63.23940045,47.74
11,115,74,74,56.20075964,72.5
5,166,54,45,54.54733424,48.84
15,118,81,85,62.18737355,84.69
21,42,87,21,46.79324546,25.31
14,133,49,29,42.0472339,30.64
28,107,97,61,71.15698901,64.35
15,112,50,59,37.30869642,53.95
23,146,60,43,53.57441132,44.1
15,105,69,69,49.77286689,69.3
14,23,53,4,16.37390802,7.88
24,66,27,3,7.881658669,4.86
19,104,58,58,41.17922082,55.07
21,141,83,86,69.59841004,85.98
7,8,68,15,23.84905608,12.67
18,31,88,26,44.72224177,26.42
28,8,94,18,43.0873219,13.79
24,168,44,30,47.26255667,30.3
5,117,77,76,59.06863052,72.9
6,88,22,12,10.12813725,11.72
5,93,32,2,18.96759345,5.17
17,142,20,9,22.53874358,8.98
11,20,94,16,46.47171146,11.71
9,96,21,8,11.41691513,10.15
25,43,54,24,22.17550387,24.63
18,78,63,57,38.17531802,52.87
6,97,43,30,28.26832229,29.49
29,179,45,39,50.80764673,34.36
6,48,35,30,9.47539306,31.81
12,116,81,85,61.7109755,84.5
24,61,75,57,42.67739495,52.85
20,92,66,74,44.0518633,71.22
9,1,44,19,3.944082327,16.23
5,83,96,66,64.4927687,66.24
11,6,59,7,16.49881166,6.54
18,142,56,55,49.59829944,52.23
27,22,91,14,44.49652225,13.8
18,57,95,54,56.76603466,52.76
12,43,29,7,3.569080988,7.73
20,114,53,57,40.01125263,55.15
19,138,76,61,63.58173891,65.24
27,82,93,65,61.64518204,65.58
10,83,42,31,23.80574896,30.34
14,135,47,32,41.0645742,32.9
29,3,75,5,27.47921958,6.21
10,25,53,15,16.95550632,13.54
23,179,91,100,85.49312075,97.91
25,3,66,2,20.77068789,3.59
15,0,60,6,15.6263174,6.84
16,141,80,84,67.4173377,80.04
16,11,21,15,-10.85134974,12.61
22,40,42,32,12.41350239,32.04
8,165,69,65,65.52258334,68
13,137,42,35,37.84072772,33.2
13,81,72,69,45.80133299,67.67
22,170,76,75,71.88039506,74.95
13,147,30,17,31.4232856,14.11
19,71,81,55,49.8723881,52.98
14,43,29,12,3.539023774,10.61
15,160,57,47,55.08881192,47.96
5,99,56,57,38.58176805,55.2
12,153,89,82,77.37500149,83.2
15,50,60,44,28.66341424,45.97
11,85,52,55,31.83292213,54.26
9,34,71,34,32.8545046,32.17
28,39,84,33,43.64960403,32.93
14,111,83,86,61.88135219,84.92
29,128,45,27,37.50980795,27.15
27,175,39,39,45.28230545,35.02
26,6,51,12,10.25680823,12.16
10,5,69,2,23.77381624,5.84
6,140,87,87,72.57138437,86.61
19,37,29,11,1.899429118,11.15
15,116,82,82,62.41796147,83.28
11,27,86,4,42.28033069,4.98
6,129,46,39,38.86827964,36.9
6,81,74,66,47.41067682,66.26
8,168,55,58,55.77580408,56.77
18,17,36,4,1.964121526,4.99
19,24,97,17,49.65066572,14.21
21,74,67,49,40.09555162,47.92
11,145,66,62,58.00644341,65.21
20,151,86,83,74.47707339,84.06
29,154,51,53,48.80152905,52.53
29,45,62,27,28.65344764,28.62
15,120,74,77,57.44435489,73.94
23,10,37,1,0.815856724,4.56
8,157,64,43,59.67628889,44.96
20,106,59,58,42.43774788,54.49
27,40,26,13,0.3052107,10.32
5,165,61,53,59.55109484,51.14
26,151,37,26,37.53538399,27.68
23,57,75,45,41.64945581,48.23
22,52,73,50,38.85663115,49.68
6,132,95,97,76.50202321,94.49
6,177,72,76,70.93775917,75.45
7,61,82,55,48.1973838,53.72
11,57,54,58,26.03629148,53.78
7,79,68,58,42.36173359,54.18
26,1,41,9,1.432380635,9.58
18,110,91,86,67.57707015,84.02
22,46,35,32,8.713451474,30.87
6,12,43,16,6.105257662,13.78
25,147,58,49,52.30095246,47.68
20,35,39,22,8.883634547,24.39
29,179,60,56,62.08872359,54.03
14,163,95,96,84.46479439,95.92
8,6,49,5,9.023179573,7
28,10,95,2,44.36087756,6.5
9,73,40,22,19.70921461,25.17
6,102,31,17,20.54717048,14.845
19,41,37,21,8.958971193,22.54
18,23,92,16,45.64459344,15.02
22,67,98,50,61.56955497,50.23
24,84,80,62,52.43481845,64.75
22,154,91,98,78.98960094,95.6
7,149,48,21,45.57223335,28.08
27,86,62,54,39.37392427,53.03
17,50,37,30,11.33570584,28.19
28,20,62,6,22.14992783,6.63
21,166,20,4,28.73643563,6.8
8,53,20,10,-0.532031334,9.62
9,127,32,5,27.77270487,5.53
24,31,78,26,37.11135222,27.59
28,49,28,16,4.141003106,13.03
22,63,51,49,25.17921305,50.59
14,71,24,7,7.07943905,6.86
17,137,98,95,79.89663359,94.98
28,93,23,7,11.85328937,6.93
13,154,78,66,69.34792512,66.6
5,99,22,18,13.01132716,15.85
8,41,75,29,37.70301392,30
16,115,50,48,38.07589362,49.56
21,66,23,10,4.918457326,9.76
19,158,48,26,47.7385675,25.19
11,44,42,32,13.62178481,32.28
20,76,46,28,24.83855649,28.31
28,60,39,39,15.28195411,34.68
23,95,45,31,28.99549568,28.27
11,35,80,38,39.85383544,36.21
11,140,27,6,27.37193388,7.35
25,114,86,89,64.75447869,88.14
9,44,36,34,9.139411282,32.83
6,36,43,29,12.36306415,29.38
12,95,33,3,20.13594887,7.59
20,88,86,67,58.05033137,69.07
5,124,38,25,31.56302424,26.74
24,123,47,32,37.78538488,29.24
23,85,75,68,48.95023004,68.48
16,66,84,55,50.86997961,51.42
27,124,29,6,24.46374876,5.63
9,5,29,7,-6.294026789,8.76
13,69,91,51,56.96179377,49.45
15,92,97,70,67.44123185,69.56
25,62,41,27,17.35266739,28.08
20,54,39,33,13.83773135,30.56
7,42,23,14,-1.128948659,13.44
18,128,61,46,49.70827128,46.45
12,43,46,30,16.35430143,30.95
11,36,94,39,50.64358245,37.02
16,113,57,48,42.81891228,48.64
14,42,98,29,55.17123541,28.63
14,152,70,65,62.79483831,65.74
18,22,40,11,6.276118373,10.22
25,145,70,63,60.80433008,67.01
10,161,76,71,69.71406092,70.54
29,20,63,6,22.88697101,6.33
16,20,99,6,50.15692738,10.03
10,143,70,67,60.50827531,66.93
24,85,70,75,45.17484248,73.11
18,29,82,16,39.68832715,15.97
25,158,93,99,81.49162645,97.56
18,37,74,29,35.75768832,28.99
28,151,31,16,32.99289603,13.68
11,77,41,36,21.47419694,33.7
7,109,64,50,47.17570453,49.92
27,24,46,12,11.17477553,10.96
17,69,84,42,51.63717681,45.78
23,69,56,49,30.48899502,48.74
9,129,66,77,53.86462964,73.38
21,51,55,53,25.07362558,53.14
18,14,38,17,2.686039297,14.23
29,33,31,16,2.210318883,14.89
7,146,38,25,37.26928963,27.05
11,30,66,29,28.02112068,28.42
17,106,72,70,52.25976698,69.6
8,25,39,16,6.456558463,12.89
11,64,49,39,24.10112609,35.88
10,123,50,44,40.25200076,45.73
24,172,52,52,54.32209874,50
20,105,41,25,28.6397137,26.13
20,40,65,25,29.74121079,25.57
16,13,31,2,-2.809147962,6.12
5,108,25,15,17.61421997,13.53678571
25,3,33,1,-4.047681211,4.86
16,108,55,47,40.01105902,48.07
19,51,50,53,21.34332384,52.37
25,174,67,61,66.10963087,67.37
23,69,86,58,53.05114875,54.28
21,122,75,65,58.62773891,67.95
28,148,22,14,25.4420241,12.1
5,175,84,83,79.45616539,83.41
6,161,30,2,35.17887296,3.16
23,148,26,15,28.5254543,12.42
10,179,34,13,42.82040056,12.86
21,143,62,53,54.32638631,49.77
22,20,57,3,18.47974052,5.43
9,146,96,96,80.85939629,95.58
6,98,80,61,56.35572049,63.7
8,148,88,89,75.37933444,87.46
11,176,35,32,42.77521794,32.55
6,47,97,26,55.84310216,27.98
21,21,33,18,0.705788079,15.36
5,9,69,3,24.89192702,6.99
5,172,82,82,77.169796,83.15
7,84,71,71,45.92165865,69.08
21,107,47,21,33.65859972,22.74
16,131,47,37,39.99154923,35.61
22,24,97,10,49.6055799,11.8
7,17,63,2,22.43537456,5.67
26,76,51,57,28.5087438,53.82
13,171,63,43,62.49946118,43.92
19,19,47,11,10.74336649,9.18
16,170,95,97,86.25993073,96.33
16,123,91,82,70.99677254,82.77
15,46,45,37,16.33936963,34.99
13,134,28,9,26.52949684,9.22
23,125,91,87,71.41305616,86.54
25,7,34,1,-2.252641673,2.64
14,111,84,83,62.63342398,83.72
7,88,60,43,38.6918367,45.7
9,96,57,53,38.49149961,53.21
18,92,84,78,57.61921275,73.68
20,6,78,19,30.65291822,15.02
21,151,73,76,64.6851115,74.06
23,119,64,54,49.54266619,51.8
14,50,60,51,28.67844285,48.35
17,121,93,82,71.96440364,82.66
17,169,62,42,61.16579109,43.26
27,71,89,44,55.76873357,45.16
14,150,27,14,29.93426743,12.62
20,59,97,55,58.7616049,54.44
27,125,76,70,60.07186487,69.51
5,62,49,27,23.66981385,29.03
8,161,30,4,35.14881575,3.97
19,78,55,54,32.14371509,53.3
12,20,76,16,32.91939061,13.36
19,20,71,10,29.05383141,10.03
25,113,34,6,25.38600363,9.18
9,177,86,89,81.42167842,87.67
14,140,43,36,39.35999672,35.24
16,178,20,18,31.94048191,14.04
25,159,67,79,62.19850182,74.35
6,87,77,72,51.23134381,69.66
11,102,57,58,40.02589401,57.18
10,154,36,38,37.80599572,35.8
20,103,59,53,41.65552207,52.75
26,170,48,22,50.76227049,24.9
7,35,58,29,23.36837047,30.53
8,2,37,17,-1.044649665,13.69
29,47,67,37,32.93529047,33.09
26,84,34,10,17.80945885,8.28
24,76,43,34,22.52222669,32.69
11,18,77,10,33.16500714,10.5
23,130,50,42,41.88182242,45.07
9,57,44,36,18.54563079,33.2
16,79,65,55,39.97026076,51.46
27,171,30,1,37.47069158,4.27
14,83,61,47,38.03499856,47.81
19,87,49,32,29.97796178,29.52
11,148,98,100,82.85496653,98.31
6,127,90,83,71.43795457,82.93
26,39,41,38,11.34057423,34.76
6,11,75,19,29.91081303,15.29
25,147,63,48,56.06131142,46.97
24,146,70,78,61.08010062,74.36
18,72,25,15,8.03213835,11.87
7,75,28,2,11.23589421,4.53
10,159,21,16,27.82862854,13.31
26,56,81,57,45.8560588,52.94
29,106,48,27,34.02970071,27.04
7,176,57,54,59.38091176,53.57
16,172,64,48,63.46718909,46.58
22,178,31,4,40.12309997,5.65
13,161,41,26,43.34646241,29.25
10,114,24,1,18.35145676,4.4
5,41,59,39,25.71495109,34.59
10,8,48,12,8.762534441,11.45
20,177,69,73,68.4711433,72.47
12,78,71,53,44.28206399,49.82
10,80,27,10,11.74244628,9.47
17,67,57,54,30.80975458,51.97
8,138,97,92,79.54056119,93.13
17,4,47,18,6.862294654,16.32
17,0,65,2,19.35661914,4.38
26,4,28,19,-7.562326836,14.95
25,108,59,42,42.88408872,44.62
6,88,24,11,11.63228083,10.12
5,18,71,18,28.74274804,15.49
18,54,75,54,40.94237303,51.22
13,78,83,42,53.29189688,46.09
18,155,70,78,63.5169497,74.8
23,120,31,18,24.98503903,15.6
10,122,45,21,36.23089986,26.53
26,87,42,21,24.60825899,25.1
8,10,97,1,46.16559328,3.16
22,111,20,18,14.3806005,15.76
22,158,45,22,45.4372663,23.19
7,166,37,31,41.73205658,30.97
11,139,28,14,27.86326374,10.91
16,141,89,84,74.18598382,84.52
5,94,95,69,66.60885821,69.77
12,140,42,26,38.63798214,28.79
27,177,90,96,84.15945066,94.66
21,8,93,18,42.44045036,15.83
15,58,60,54,30.74934974,50.37
10,145,31,1,31.69895934,3.76
14,90,63,43,41.36433569,45.72
6,147,96,93,81.16522405,94.05
17,146,37,29,36.36693177,29.32
11,9,41,15,3.743745235,14.24
6,39,78,38,39.46780264,35.12
26,98,75,70,52.2947894,68.79
7,32,84,35,42.14001122,35
25,169,34,11,39.98755209,11.04
19,111,34,15,24.9546914,14.32
24,150,64,45,57.61063762,46.37
9,84,22,2,9.040083682,6.74
11,121,53,56,41.97170365,54.09
23,29,50,13,15.5468868,12.63
19,53,44,34,17.35237697,32.74
29,143,65,73,56.46237282,72.66
18,93,64,52,42.83851887,51.68
25,159,96,98,84.00858376,97.12
16,96,98,66,69.22124278,67.71
17,19,80,9,35.59179281,10.98
8,17,63,17,22.42034595,11.64
23,130,30,1,26.8403866,4.07
5,35,28,6,0.836273952,6.77
28,52,24,5,1.914941753,5.51
28,75,47,30,25.20965749,29.35
22,36,72,24,33.93268837,27.16
12,169,98,95,88.3155186,95.72
29,23,55,19,17.6526225,15.47
10,98,73,71,51.03110353,70.01
11,6,94,6,42.82132434,7.19
16,36,36,27,6.948275539,29.44
10,75,32,15,14.19909555,12.54
22,48,49,26,19.76394042,26.56
13,62,66,43,36.33480544,44.35
8,64,20,6,2.336129971,6.99
7,139,36,31,33.93995249,31.69
27,80,54,48,31.79289832,49.14
22,36,68,39,30.92440121,34.76
13,158,79,61,71.14296466,64.32
23,9,26,5,-7.717674913,5.58
6,173,67,75,66.13443247,74.5
14,72,31,14,12.60468352,13.72
25,105,30,16,20.29178097,14.29
12,45,80,36,42.4462262,33.72
29,174,65,70,64.54537286,69.01
26,143,35,37,33.94530492,33.74
28,120,52,52,40.7034036,51.6
13,153,77,68,68.33511139,67.2
6,60,42,29,17.86879884,29.47
17,121,24,19,20.07145007,13.23
29,69,38,29,16.86153114,30.22
28,53,22,5,0.671540108,5.94
8,130,33,13,29.32203108,10.265
6,86,59,59,37.43330964,56.11
10,15,86,2,39.16645605,5.37
23,139,63,44,54.00543313,45.51
8,13,38,14,2.57558343,13.44
26,85,96,75,64.69865183,70.36
9,123,50,45,40.26702936,46.28
21,48,85,31,46.8535535,30.64
8,26,68,17,28.52738234,14.26
19,53,57,51,27.12931025,51.03
8,71,26,6,8.673754274,7.4
21,96,84,77,58.61709468,72.42
7,24,88,4,43.06236289,8.68
24,146,32,6,32.50137257,7.53
16,172,42,39,46.92160969,36.52
14,33,41,34,9.956465897,32.66
5,113,30,14,22.6782886,9.554785714
18,164,43,31,45.55768877,31.26
16,129,43,35,36.4617782,35.34
19,102,77,66,54.94710097,68.13
